place_id,name,formatted_address,city,state,postal_code,phone_national,phone_international,website,lat,lng,types
ChIJucjL3Ex_mQARxHhau3BoBBs,Eletricista predial e residencial serviços reparos manutenção 24h Anjos,"Rua Benjamin Constant, 149 - Glória, Rio de Janeiro - RJ, 20241-150, Brazil",Rio de Janeiro,RJ,20241-150,(21) 98114-5001,+55 21 98114-5001,https://g.page/EletricistaAnjos?gm,-22.921682800000003,-43.181771,electrician|point_of_interest|establishment
ChIJuff4dXJ_mQARfzZq0gIJYv4,Instalador eletrico,"R. Primeiro de Março - Centro, Rio de Janeiro - RJ, 20010-000, Brazil",Rio de Janeiro,RJ,20010-000,(21) 93619-1976,+55 21 93619-1976,http://licao1687mal.blogspot.com/,-22.9012879,-43.1764083,electrician|point_of_interest|establishment
ChIJmYQKoQw85agRKslj_Iew58I,WS Eletricista Predial e Residencial,"R. Dois de Dezembro, 43 - Flamengo, Rio de Janeiro - RJ, 22220-040, Brazil",Rio de Janeiro,RJ,22220-040,(21) 98313-5777,+55 21 98313-5777,https://w.app/qb9ao8,-22.9301382,-43.1759783,electrician|point_of_interest|establishment
ChIJzWVhja19mQARaroOgvS9QpA,SMARF ELÉTRICA ME.,"Rua Guttemberg Maiorano, 28 - Centro, Rio de Janeiro - RJ, 20771-130, Brazil",Rio de Janeiro,RJ,20771-130,(21) 98343-4601,+55 21 98343-4601,,-22.912064900000004,-43.1739968,electrician|point_of_interest|establishment
ChIJx5nUMmh-mQARpq6CX_NvOdw,Eletricista Rio de janeiro Credenciado,"Rua do matoso, 6 cob - Praça da Bandeira, Rio de Janeiro - RJ, 20270-132, Brazil",Rio de Janeiro,RJ,20270-132,(21) 99622-0965,+55 21 99622-0965,https://www.oliveiraeletricista.com.br/,-22.911476,-43.2137388,electrician|point_of_interest|establishment
ChIJI4mFw310mQAR3ITVpMMVfxY,Eletritex Serviços,"R. V.de de Inhaúma, 1215 - Centro, Rio de Janeiro - RJ, 20091-007, Brazil",Rio de Janeiro,RJ,20091-007,(21) 96492-2942,+55 21 96492-2942,http://eletritex.ueniweb.com/,-22.8999055,-43.1805801,electrician|point_of_interest|establishment
ChIJ72CBR79_mQAR0etSBjWOQfs,JP Instalações Elétricas,"Rua Tadeu Kosciusco, 41 - Centro, Rio de Janeiro - RJ, 20230-050, Brazil",Rio de Janeiro,RJ,20230-050,(21) 99649-4662,+55 21 99649-4662,https://jpinstalacoeseletricas.com.br/,-22.914351099999998,-43.1881504,electrician|point_of_interest|establishment
ChIJ2zoXT7VzmQARa8N6-oMuab4,Eletricista em Copacabana,"Copacabana, Rio de Janeiro - State of Rio de Janeiro, 20031-001, Brazil",Rio de Janeiro,RJ,20031-001,(21) 97639-3730,+55 21 97639-3730,,-22.9694833,-43.186786,electrician|fire_station|government_office|point_of_interest|establishment
ChIJAQB0rWh_mQAR_2vlb9OZccg,Fabrício Mendonça Eletrotécnico Ltda,"Av. Gomes Freire, 176 - sala 706 - Centro, Rio de Janeiro - RJ, 20231-013, Brazil",Rio de Janeiro,RJ,20231-013,(21) 2221-4534,+55 21 2221-4534,http://www.fabriciomendonca.com.br/,-22.90852,-43.184951000000005,electrician|telecommunications_service_provider|point_of_interest|consultant|establishment
ChIJAQCQPFp_mQAR0zcWDoXSS58,Eletric Star Serviços Especializados,"R. Amoroso Lima, 100 - Cidade Nova, Rio de Janeiro - RJ, 20211-120, Brazil",Rio de Janeiro,RJ,20211-120,(21) 99192-9322,+55 21 99192-9322,https://engemar.com.br/,-22.9099796,-43.2022875,electrician|point_of_interest|establishment
ChIJlz5lmQh_mQARum4NVi8QCjc,Eletricista Eletro Augusto,"Rua Benjamin Constant, 61 - Glória, Rio de Janeiro - RJ, 20241-150, Brazil",Rio de Janeiro,RJ,20241-150,(21) 99696-2256,+55 21 99696-2256,,-22.9208636,-43.178916199999996,electrician|point_of_interest|establishment
ChIJ2b9xdKV9mQARI04hAVviah4,Eletricista Predial,"R. Voluntários da Pátria, 190 - Botafogo, Rio de Janeiro - RJ, 22270-012, Brazil",Rio de Janeiro,RJ,22270-012,(21) 98852-1899,+55 21 98852-1899,https://www.vibreeletrica.com/,-22.952504899999997,-43.1884005,electrician|point_of_interest|establishment
ChIJDY0TbVF_mQARrpPOtxck_PU,Elétrica Eficaz Serviços Elétricos e de Climatização,"R. Pedro Ernesto, 97 - Gamboa, Rio de Janeiro - RJ, 20220-350, Brazil",Rio de Janeiro,RJ,20220-350,(21) 98061-8840,+55 21 98061-8840,http://www.eletricaeficaz.com/,-22.896540899999998,-43.194866399999995,electrician|general_contractor|point_of_interest|establishment
ChIJ49He2i3lmwARmVWv-xch3OE,RC INSTALAÇÕES ELÉTRICA E AUTOMAÇÃO,"Av. Rio Branco, Nº 81 - Centro, Rio de Janeiro - RJ, 23585-470, Brazil",Rio de Janeiro,RJ,23585-470,(21) 97042-3290,+55 21 97042-3290,,-22.901493700000003,-43.178598699999995,electrician|point_of_interest|establishment
ChIJS1rP-TWBmQAR5JkCAA8yk8M,Cape Serviços e Consultoria,"Av. Mal. Câmara, 160 - sala 1107 - Centro, Rio de Janeiro - RJ, 20020-907, Brazil",Rio de Janeiro,RJ,20020-907,(21) 96978-3020,+55 21 96978-3020,https://www.instagram.com/grupocape,-22.909589699999998,-43.1691335,electrician|general_contractor|point_of_interest|establishment
ChIJ-zyYoq5_mQARg89P4KmWcvI,Cristiano eletricista predial e residencial,"R. Cap. Félix, 110 - Benfica, Rio de Janeiro - RJ, 20920-310, Brazil",Rio de Janeiro,RJ,20920-310,(21) 96568-8232,+55 21 96568-8232,https://www.instagram.com/cristiano_eletricista_rj/profilecard/?igsh=MW9uM29qd3RpNzF1MA==,-22.894733199999997,-43.236612,electrician|point_of_interest|establishment
ChIJ21578YR_mQARRKhicP_wAlU,Eletricista JRM Instalações Elétricas,"R. das Laranjeiras, 336 - Loja 68 - Laranjeiras, Rio de Janeiro - RJ, 22240-003, Brazil",Rio de Janeiro,RJ,22240-003,(21) 97104-3770,+55 21 97104-3770,http://www.solucoeseletricas.com.br/,-22.9354528,-43.189613099999995,electrician|point_of_interest|establishment
ChIJv_iDrEd_mQARvr7a_QE43uo,Welton eletrica,"R. Teófilo Otoni, 89 - Centro, Rio de Janeiro - RJ, 20090-080, Brazil",Rio de Janeiro,RJ,20090-080,(21) 98822-1114,+55 21 98822-1114,,-22.9006407,-43.180044599999995,electrician|point_of_interest|establishment
ChIJTWQt80NnmQARMxwilNnpoUo,ELETRICISTA E HIDRÁULICO 24 HORAS,"R. Sacadura Cabral, 217 - Centro, Rio de Janeiro - RJ, 20221-160, Brazil",Rio de Janeiro,RJ,20221-160,(21) 97714-4441,+55 21 97714-4441,https://24hsosinstalacoes.com.br/?utm_source=google&utm_medium=wix_google_business_profile&utm_campaign=2240873638602152427,-22.8973469,-43.1893105,electrician|painter|plumber|general_contractor|point_of_interest|establishment
ChIJQcXXCud_mQARSfAmyfRvR-g,Nil Elétrica - Eletricista Residencial 24 horas RJ,"R. Argentina, n° 146 - casa 202 - Imperial de São Cristóvão, Rio de Janeiro - RJ, 20921-380, Brazil",Rio de Janeiro,RJ,20921-380,(21) 97139-7303,+55 21 97139-7303,http://nileletrica.com.br/,-22.891939,-43.225589,electrician|point_of_interest|establishment
ChIJb61Aizx9mQARp2cHiIOofV4,Eletricista Mailson Erick,"R. Conde de Azambuja - Maria da Graça, Rio de Janeiro - RJ, 20785-342, Brazil",Rio de Janeiro,RJ,20785-342,(21) 96903-4907,+55 21 96903-4907,,-22.882555099999998,-43.260903899999995,electrician|point_of_interest|establishment
ChIJi3VllYAKrWgRUiUhNhj-cIo,ELETRICISTA - Wallbox Instalação Rápida BYD GWM/Instalações Elétricas,"R. Gen. Gurjão, 521 - Caju, Rio de Janeiro - RJ, 20931-040, Brazil",Rio de Janeiro,RJ,20931-040,(21) 96597-8924,+55 21 96597-8924,https://www.instagram.com/felipytec_eletrica/,-22.8780255,-43.2151912,electrician|point_of_interest|establishment
ChIJwUSCbP1_mQAR7aYe31aPREA,R3M Engenharia Elétrica,"Av. Almirante Barroso 63, salas 514 e 515 - Centro, Rio de Janeiro - RJ, 20031-003, Brazil",Rio de Janeiro,RJ,20031-003,(21) 96407-8147,+55 21 96407-8147,http://www.r3minstalacoes.com.br/,-22.9076387,-43.1759671,electrician|point_of_interest|establishment
ChIJDzvBvsbVmwAR363OTPsKssQ,ELETRICISTA,"Pr. Saenz Peña - Tijuca, Rio de Janeiro - RJ, 20520-090, Brazil",Rio de Janeiro,RJ,20520-090,(21) 98751-5929,+55 21 98751-5929,http://api.whatsapp.com/send/?phone=5521987515929,-22.9243776,-43.2324114,electrician|point_of_interest|establishment
ChIJQ1R3C25xmQARn34Z5wFLIxg,Orlando instalações elétricas- Rio de Janeiro,"Av. Nossa Sra. de Copacabana, 610 - SL 706 - Copacabana, Rio de Janeiro - RJ, 22050-001, Brazil",Rio de Janeiro,RJ,22050-001,(21) 99787-3933,+55 21 99787-3933,https://olinstalacaoeletrica.webnode.com/,-22.969684899999997,-43.1855841,electrician|point_of_interest|establishment
ChIJA4RqEHJlmQARKHtkfAZfgn4,Reais Soluções Refrigeração e Serviços Elétricos Ltda,"Av. Mal. Câmara, 160 - Centro, Rio de Janeiro - RJ, 20020-907, Brazil",Rio de Janeiro,RJ,20020-907,(21) 98529-0845,+55 21 98529-0845,http://www.reaissolucoes.com.br/,-22.909416099999998,-43.1692952,electrician|point_of_interest|establishment
ChIJjw6Ph3xvmQARmSY210dZqaM,"GABRIEL ROBERTO ELETRICISTA( reparos e manutenção elétrica)Tijuca, vila Isabel, Grajau, Maracanã","Praça Varnhagem, 9 - Tijuca, Rio de Janeiro - RJ, 20511-020, Brazil",Rio de Janeiro,RJ,20511-020,,,,-22.918936799999997,-43.2348226,electrician|point_of_interest|establishment
ChIJzyY3gGV9mQARluOKzoQPA6U,Eletricista Rio de Janeiro - Técnico Muka Eletrodiver,"Av. Maracanã, 987 - Tijuca, Rio de Janeiro - RJ, 20511-000, Brazil",Rio de Janeiro,RJ,20511-000,,,,-22.9218629,-43.2356409,electrician|point_of_interest|establishment
ChIJzUZ3nibVmwARl9bK8wdIH2c,Carlos eletricista & bombeiro hidráulico,"Rua figuereido de Magalhães - Av. Nossa Sra. de Copacabana - Copacabana, Rio de Janeiro - RJ, 22031-012, Brazil",Rio de Janeiro,RJ,22031-012,(21) 99682-3206,+55 21 99682-3206,,-22.9680134,-43.18791470000001,electrician|point_of_interest|establishment
ChIJmTSE5hmzymkRmKzpmosYmqM,Eletricista do Bairro,"R. Alecrim, 769 - Vila Kosmos, Rio de Janeiro - RJ, 21220-050, Brazil",Rio de Janeiro,RJ,21220-050,(21) 98909-4393,+55 21 98909-4393,http://www.eletricistadobairro.com.br/,-22.855721799999998,-43.305147999999996,electrician|point_of_interest|establishment